1	Bobby	Brazel	bbrazel0@reddit.com	8.108.191.172
2	Case	Cholmondeley	ccholmondeley1@admin.ch	106.89.79.158
3	Cindra	Aylin	caylin2@wunderground.com	131.207.37.181
4	Adam	Ploughwright	aploughwright3@google.de	202.121.212.98
5	Rodina	Trubshaw	rtrubshaw4@uol.com.br	81.176.109.31
6	Eliot	Newlands	enewlands5@reuters.com	85.244.126.19
7	Mechelle	Geri	mgeri6@discovery.com	107.7.164.203
8	Brit	Palfree	bpalfree7@cisco.com	240.76.72.153
9	Karlene	Maxwale	kmaxwale8@studiopress.com	201.150.146.104
10	Raychel	Treasure	rtreasure9@edublogs.org	222.239.21.30
11	Roscoe	Okie	rokiea@toplist.cz	118.139.139.159
12	Rodolph	Carwithan	rcarwithanb@berkeley.edu	38.206.169.201
13	Rachelle	McDuffie	rmcduffiec@icio.us	101.2.60.194
14	Wilma	Brackstone	wbrackstoned@godaddy.com	198.196.222.202
15	Amara	Wittey	awitteye@jiathis.com	94.116.226.39
16	Hedwiga	Sansam	hsansamf@csmonitor.com	74.46.138.29
17	Inger	Alesi	ialesig@hao123.com	4.237.114.41
18	Emylee	Whiles	ewhilesh@360.cn	28.69.3.142
19	Iosep	Smallwood	ismallwoodi@ezinearticles.com	249.65.158.46
20	Dorie	Ranger	drangerj@businessinsider.com	222.244.32.121
21	Hugh	Jacqueminet	hjacqueminetk@hubpages.com	65.26.118.171
22	Sinclare	Meller	smellerl@cornell.edu	133.96.76.211
23	Saundra	aManger	samangerm@sina.com.cn	56.62.174.102
24	Lanni	Frape	lfrapen@weather.com	244.175.58.250
25	Coraline	Boost	cboosto@posterous.com	66.108.29.94
26	Enrica	MacDiarmid	emacdiarmidp@toplist.cz	1.144.14.165
27	Karel	Kunkel	kkunkelq@technorati.com	244.131.14.209
28	Saundra	Couzens	scouzensr@github.io	240.52.13.236
29	Salvidor	Vella	svellas@ezinearticles.com	161.247.62.124
30	Sean	Cottis	scottist@github.com	11.97.186.93
31	Melony	Patrie	mpatrieu@arizona.edu	130.55.29.221
32	Aldus	Maceur	amaceurv@stanford.edu	32.253.59.118
33	Cal	Stenning	cstenningw@51.la	123.141.53.99
34	Sonya	Surmeyers	ssurmeyersx@biglobe.ne.jp	129.132.225.103
35	Luelle	Spratling	lspratlingy@sun.com	187.141.254.0
36	Flinn	Caslake	fcaslakez@google.co.uk	99.156.92.254
37	Cyndi	Forster	cforster10@biblegateway.com	213.23.51.118
38	Heath	Delbergue	hdelbergue11@163.com	123.180.241.223
39	Jarad	Kemwal	jkemwal12@seesaa.net	54.134.120.155
40	Worthington	Hayes	whayes13@dot.gov	233.56.248.37
41	Skylar	Gaukroger	sgaukroger14@salon.com	143.121.132.14
42	Livvie	Temporal	ltemporal15@t.co	84.109.198.40
43	Celine	Bustin	cbustin16@uol.com.br	243.62.216.23
44	Hersh	Stute	hstute17@techcrunch.com	192.244.25.167
45	Vivyan	Elsmore	velsmore18@deviantart.com	207.14.40.206
46	Hans	Storek	hstorek19@parallels.com	77.123.223.228
47	Rosalinda	Breese	rbreese1a@unc.edu	5.162.132.205
48	Ruthy	Shillabear	rshillabear1b@amazon.com	155.87.63.188
49	Verla	Whapples	vwhapples1c@unblog.fr	205.52.61.3
50	Ardella	Laurance	alaurance1d@artisteer.com	65.158.169.89
51	Elisabet	Brosius	ebrosius1e@harvard.edu	40.90.86.121
52	Marty	Flaverty	mflaverty1f@github.io	58.40.100.182
53	Cassie	Venneur	cvenneur1g@deliciousdays.com	123.54.201.162
54	Berna	Farrell	bfarrell1h@wordpress.org	4.169.230.39
55	Beale	Lanfere	blanfere1i@msu.edu	115.236.212.110
56	Nikolas	Creed	ncreed1j@printfriendly.com	58.137.211.76
57	Bell	Nutt	bnutt1k@furl.net	153.222.233.133
58	See	Olligan	solligan1l@virginia.edu	166.109.49.12
59	Kevyn	Giacopini	kgiacopini1m@amazon.co.uk	76.112.222.185
60	Cesar	Edmunds	cedmunds1n@geocities.com	35.7.82.210
61	Alameda	Clother	aclother1o@berkeley.edu	0.89.140.158
62	Manya	Pagram	mpagram1p@tripadvisor.com	105.247.124.38
63	Adelind	Povah	apovah1q@mac.com	142.244.147.90
64	Teriann	Gorsse	tgorsse1r@linkedin.com	127.199.123.36
65	Raye	Bartlam	rbartlam1s@uol.com.br	69.89.58.104
66	Julietta	Jessup	jjessup1t@biblegateway.com	237.95.12.29
67	Evvy	Gooley	egooley1u@pbs.org	146.227.238.124
68	Bab	D'Ambrosi	bdambrosi1v@bbb.org	204.148.227.19
69	Mikol	Rao	mrao1w@about.com	238.106.249.87
70	Enos	Wilkenson	ewilkenson1x@paginegialle.it	82.83.16.34
71	Zelma	Cranefield	zcranefield1y@techcrunch.com	35.224.21.162
72	Claudina	Labarre	clabarre1z@google.de	232.234.94.25
73	Kenon	Alti	kalti20@rambler.ru	179.82.92.65
74	Agosto	Trayhorn	atrayhorn21@meetup.com	75.148.52.39
75	Zorana	MacClay	zmacclay22@msn.com	181.163.17.240
76	Eadie	Duffyn	eduffyn23@jimdo.com	0.41.138.180
77	Della	Puxley	dpuxley24@netvibes.com	125.228.205.7
78	Judd	Clews	jclews25@samsung.com	48.210.166.215
79	Moses	Gaythwaite	mgaythwaite26@163.com	70.196.186.7
80	Nickie	Palin	npalin27@ask.com	151.94.110.182
81	Saloma	O'Currigan	socurrigan28@naver.com	61.231.93.127
82	Aura	Lapping	alapping29@nytimes.com	89.40.226.125
83	Zora	Risebarer	zrisebarer2a@webs.com	255.71.179.73
84	Billy	Glading	bglading2b@webnode.com	16.34.102.48
85	Margaret	Geerdts	mgeerdts2c@salon.com	5.116.97.132
86	Flora	Klosser	fklosser2d@odnoklassniki.ru	115.184.157.42
87	Claudian	Froude	cfroude2e@comcast.net	239.184.59.245
88	Gwyneth	Mainwaring	gmainwaring2f@youtube.com	111.121.138.49
89	Chick	Vern	cvern2g@columbia.edu	41.101.3.136
90	James	Busswell	jbusswell2h@i2i.jp	48.27.7.22
91	Mattie	Petrushkevich	mpetrushkevich2i@youku.com	65.162.110.61
92	Elbertina	Jaimez	ejaimez2j@pen.io	152.34.111.162
93	Nicky	Upshall	nupshall2k@phpbb.com	185.37.174.1
94	Wye	Vasovic	wvasovic2l@wsj.com	235.20.61.1
95	Perry	Abernethy	pabernethy2m@boston.com	200.84.217.185
96	Charlton	Romney	cromney2n@google.com.hk	96.192.243.14
97	Celene	Gabbidon	cgabbidon2o@msn.com	134.29.220.151
98	Lyn	McArte	lmcarte2p@redcross.org	80.244.43.16
99	Winthrop	Koubek	wkoubek2q@flickr.com	132.23.192.41
100	Valida	Symcox	vsymcox2r@storify.com	138.3.50.192
101	Rockie	Palin	rpalin2s@chronoengine.com	145.59.31.98
102	Sheila-kathryn	Gladtbach	sgladtbach2t@hostgator.com	213.240.166.3
103	Dwight	McMains	dmcmains2u@yale.edu	170.234.163.247
104	Phaedra	O'Fielly	pofielly2v@soup.io	86.171.133.126
105	Val	Dowzell	vdowzell2w@prlog.org	32.236.227.23
106	Thia	Darnborough	tdarnborough2x@google.ca	9.250.145.225
107	Timi	Choffin	tchoffin2y@yahoo.co.jp	54.84.139.13
108	Selia	Bartram	sbartram2z@auda.org.au	183.243.161.215
109	Chris	Rabb	crabb30@dedecms.com	221.34.210.138
110	Papageno	Bang	pbang31@netvibes.com	126.65.135.219
111	Annadiana	Stolworthy	astolworthy32@paginegialle.it	77.174.84.190
112	Peggy	Seiler	pseiler33@tumblr.com	39.78.151.101
113	Thoma	Hollingby	thollingby34@census.gov	252.207.17.20
114	Francklyn	Canada	fcanada35@wikipedia.org	182.21.85.205
115	Meryl	Hallum	mhallum36@reuters.com	129.5.82.70
116	Ingrim	Riddich	iriddich37@home.pl	180.41.245.204
117	Garland	Cohrs	gcohrs38@ucoz.ru	125.43.159.94
118	Marcille	Pittwood	mpittwood39@jugem.jp	170.9.192.221
119	Major	Marrison	mmarrison3a@ebay.co.uk	140.139.181.153
120	Frederick	Gavigan	fgavigan3b@psu.edu	169.238.208.77
121	Bertie	Toothill	btoothill3c@symantec.com	128.244.170.173
122	Vivia	Smallpeace	vsmallpeace3d@walmart.com	192.47.106.210
123	Lynda	Tantrum	ltantrum3e@altervista.org	198.125.156.67
124	Waite	Laidler	wlaidler3f@tumblr.com	48.208.42.177
125	Carolus	Losebie	closebie3g@bluehost.com	130.215.103.47
126	Annelise	Cordey	acordey3h@fc2.com	208.129.172.32
127	Ainsley	Leavy	aleavy3i@goo.ne.jp	9.48.55.133
128	Leah	Dawks	ldawks3j@digg.com	133.217.240.242
129	Robinia	Sposito	rsposito3k@devhub.com	236.245.57.4
130	Nelly	Gilhool	ngilhool3l@cafepress.com	29.90.135.55
131	Sollie	Whatson	swhatson3m@about.com	129.225.186.7
132	Barton	Grosvenor	bgrosvenor3n@arstechnica.com	16.172.157.196
133	Roman	Petroselli	rpetroselli3o@businesswire.com	14.80.16.147
134	Rolph	Dysert	rdysert3p@pinterest.com	149.246.242.152
135	Meggie	Cosans	mcosans3q@buzzfeed.com	236.239.219.154
136	Sherri	Robjohns	srobjohns3r@yale.edu	169.238.188.79
137	Rozanne	Blomefield	rblomefield3s@cdbaby.com	13.158.139.116
138	Hobie	Achromov	hachromov3t@posterous.com	46.53.82.225
139	Cheri	Zucker	czucker3u@tuttocitta.it	244.249.48.143
140	Minetta	O'Lynn	molynn3v@jigsy.com	233.194.86.26
141	Hal	Gergolet	hgergolet3w@hibu.com	62.71.164.67
142	Melvin	Gidney	mgidney3x@indiegogo.com	35.41.223.236
143	Fields	Statham	fstatham3y@theatlantic.com	83.94.82.75
144	Noby	Gorrissen	ngorrissen3z@shutterfly.com	84.203.200.189
145	Dorotea	Spadollini	dspadollini40@exblog.jp	202.134.135.142
146	Phillip	Fallanche	pfallanche41@prlog.org	249.157.68.215
147	Fletch	Castellet	fcastellet42@ezinearticles.com	114.186.112.253
148	Carroll	Shillingford	cshillingford43@scribd.com	174.236.9.3
149	Sanford	O'Reagan	soreagan44@nba.com	248.146.135.146
150	Ellette	Nichols	enichols45@macromedia.com	196.72.170.93
151	Leonard	Denisevich	ldenisevich46@icio.us	139.32.132.237
152	Philippine	Vassar	pvassar47@parallels.com	242.243.237.46
153	Valentine	Matskiv	vmatskiv48@feedburner.com	210.216.153.71
154	Guglielmo	Ilyunin	gilyunin49@is.gd	53.188.26.241
155	Matilde	Kingzet	mkingzet4a@godaddy.com	67.57.89.49
156	Anatol	Jane	ajane4b@macromedia.com	231.58.245.189
157	Lincoln	Fitt	lfitt4c@sogou.com	22.179.194.41
158	Daisi	Gorgl	dgorgl4d@dagondesign.com	60.140.195.58
159	Sammy	Verbrugghen	sverbrugghen4e@jalbum.net	87.190.46.131
160	Mead	Yedall	myedall4f@uiuc.edu	21.200.83.185
161	Viola	Ben-Aharon	vbenaharon4g@indiatimes.com	76.242.0.212
162	Zelma	Gosforth	zgosforth4h@yelp.com	253.37.214.157
163	Fidelia	Lody	flody4i@slashdot.org	67.133.111.247
164	Savina	Mateescu	smateescu4j@msu.edu	95.7.116.20
165	Jobie	Jost	jjost4k@wix.com	241.46.45.197
166	Adel	Nerheny	anerheny4l@godaddy.com	144.139.86.109
167	Chelsae	Oherlihy	coherlihy4m@trellian.com	239.168.66.249
168	Kaja	MacCafferty	kmaccafferty4n@utexas.edu	243.112.218.124
169	Tiebold	Croysdale	tcroysdale4o@gmpg.org	82.207.128.139
170	Bertrando	Renhard	brenhard4p@prnewswire.com	181.232.53.189
171	Marsha	Antonacci	mantonacci4q@google.es	58.229.202.3
172	Bobbie	Wolfart	bwolfart4r@mlb.com	107.175.222.193
173	Claire	Basill	cbasill4s@homestead.com	236.184.170.228
174	Josselyn	Whitley	jwhitley4t@google.pl	185.95.170.39
175	Jeanine	Barbrook	jbarbrook4u@fastcompany.com	255.88.60.143
176	Christye	Cussen	ccussen4v@spiegel.de	202.149.245.177
177	Ingra	Towns	itowns4w@un.org	120.238.115.163
178	Fulvia	Bernardeschi	fbernardeschi4x@linkedin.com	121.63.87.84
179	Vincenty	Mussolini	vmussolini4y@digg.com	207.169.10.106
180	Ethelin	McEwen	emcewen4z@freewebs.com	207.173.15.54
181	Merlina	Edward	medward50@java.com	25.238.103.81
182	Coral	Skyme	cskyme51@webs.com	18.51.211.84
183	Mary	Yandle	myandle52@ucla.edu	5.108.123.65
184	Leila	Holt	lholt53@craigslist.org	15.120.208.176
185	Martainn	Jahn	mjahn54@europa.eu	7.186.13.17
186	Sam	Cossans	scossans55@msu.edu	160.251.195.64
187	Gallard	Hiner	ghiner56@columbia.edu	80.178.33.237
188	Annis	Kettel	akettel57@wordpress.org	108.67.182.48
189	Sile	Manicomb	smanicomb58@chicagotribune.com	143.60.243.223
190	Merrill	Hallihane	mhallihane59@furl.net	60.139.0.179
191	Frederic	Godsal	fgodsal5a@photobucket.com	65.5.64.204
192	Tate	Kinsella	tkinsella5b@infoseek.co.jp	253.174.14.143
193	Beau	Itzkovitch	bitzkovitch5c@rambler.ru	157.161.46.133
194	Park	Graundisson	pgraundisson5d@sfgate.com	26.80.63.224
195	Muhammad	Lillford	mlillford5e@google.co.uk	92.31.83.63
196	Jeffry	Burrell	jburrell5f@zimbio.com	61.212.67.46
197	Lawrence	Sugg	lsugg5g@howstuffworks.com	89.50.65.30
198	Sisile	Rooze	srooze5h@tiny.cc	123.75.40.53
199	Tiebold	Schubert	tschubert5i@squidoo.com	212.176.220.8
200	Cornie	Margiotta	cmargiotta5j@independent.co.uk	3.191.86.165
201	Ronny	Schinetti	rschinetti5k@bluehost.com	115.100.207.166
202	Melisandra	Fairleigh	mfairleigh5l@npr.org	230.6.251.234
203	Marie-ann	Holson	mholson5m@youtu.be	5.90.183.59
204	Perkin	Petzolt	ppetzolt5n@slashdot.org	96.180.96.120
205	Marney	Sahlstrom	msahlstrom5o@weibo.com	147.234.232.247
206	Charlie	Niche	cniche5p@usnews.com	149.85.180.61
207	Nancie	Lambertini	nlambertini5q@alexa.com	58.12.235.178
208	Fayette	Kobelt	fkobelt5r@usnews.com	221.137.53.148
209	Fredrika	O'Heyne	foheyne5s@addtoany.com	6.13.200.86
210	Mellisent	Meltetal	mmeltetal5t@cdc.gov	166.143.123.123
211	Zach	Braganca	zbraganca5u@reference.com	123.4.252.227
212	Cazzie	Rash	crash5v@ebay.com	48.147.113.77
213	Eric	Wreford	ewreford5w@who.int	72.242.136.131
214	Dominick	Matches	dmatches5x@fema.gov	69.63.26.114
215	Audry	Altamirano	aaltamirano5y@drupal.org	214.126.116.38
216	Sherye	Bradden	sbradden5z@naver.com	150.179.126.214
217	Johnathon	Franzel	jfranzel60@google.co.jp	197.237.12.157
218	Rosetta	Slyford	rslyford61@digg.com	121.27.154.115
219	Jarid	Cornillot	jcornillot62@ed.gov	202.72.208.114
220	Jana	Renny	jrenny63@multiply.com	15.231.181.252
221	Currie	Hazell	chazell64@huffingtonpost.com	232.9.208.119
222	Amity	Gobeau	agobeau65@oakley.com	148.75.165.240
223	Jim	Gratrex	jgratrex66@github.com	214.48.60.16
224	Lynna	Saull	lsaull67@cocolog-nifty.com	189.47.80.4
225	Bethany	Matthieson	bmatthieson68@bizjournals.com	46.35.124.77
226	Earle	Kuhnt	ekuhnt69@yale.edu	124.213.170.207
227	Olwen	Josling	ojosling6a@forbes.com	167.183.219.221
228	Filmer	Loggie	floggie6b@rakuten.co.jp	68.110.110.49
229	Shayne	Cannon	scannon6c@arstechnica.com	232.182.225.219
230	Grayce	Martinie	gmartinie6d@dailymotion.com	28.42.5.28
231	Kylynn	Cottee	kcottee6e@sourceforge.net	155.253.210.216
232	Marena	Thirkettle	mthirkettle6f@cisco.com	203.184.254.136
233	Lissy	MacGaughie	lmacgaughie6g@booking.com	158.215.71.54
234	Willard	Warren	wwarren6h@hp.com	107.68.220.231
235	Amery	Matus	amatus6i@nationalgeographic.com	47.225.230.138
236	Bellanca	Lowater	blowater6j@tuttocitta.it	6.34.182.16
237	Rosemonde	Urling	rurling6k@senate.gov	254.143.112.46
238	Russ	Pennaman	rpennaman6l@go.com	144.50.161.80
239	Egon	Ranyelld	eranyelld6m@bizjournals.com	140.163.60.48
240	Fidel	Irvin	firvin6n@noaa.gov	55.23.13.217
241	Rebe	Cicchitello	rcicchitello6o@topsy.com	69.178.202.186
242	Chrystel	Bennedick	cbennedick6p@people.com.cn	35.152.157.68
243	Thacher	Guise	tguise6q@usda.gov	21.250.103.168
244	Sallee	Rabbet	srabbet6r@buzzfeed.com	132.233.228.16
245	Averell	Helleckas	ahelleckas6s@gizmodo.com	123.6.122.58
246	Adrienne	Tuftin	atuftin6t@admin.ch	202.228.190.168
247	Celisse	Eastbrook	ceastbrook6u@joomla.org	178.167.52.235
248	Pennie	Vennart	pvennart6v@princeton.edu	110.149.112.55
249	Edward	Cathery	ecathery6w@themeforest.net	212.111.228.131
250	Hardy	Rothera	hrothera6x@angelfire.com	216.214.45.48
251	Jackqueline	Linguard	jlinguard6y@is.gd	224.32.181.127
252	Carola	Pagram	cpagram6z@linkedin.com	98.84.126.97
253	Regina	Avey	ravey70@sphinn.com	51.243.156.89
254	Therine	Rae	trae71@photobucket.com	98.75.188.105
255	Rafaelita	Gaize	rgaize72@exblog.jp	28.196.28.175
256	Lois	Dinzey	ldinzey73@tinyurl.com	21.15.162.126
257	Rosabella	McQuaide	rmcquaide74@artisteer.com	59.231.11.64
258	Irita	Devericks	idevericks75@howstuffworks.com	39.147.97.163
259	Claudie	Rucklidge	crucklidge76@weibo.com	226.86.16.47
260	Warren	Guerrieri	wguerrieri77@so-net.ne.jp	6.160.82.116
261	Ruthann	Redit	rredit78@tiny.cc	47.197.117.188
262	Jeanna	Butterfint	jbutterfint79@unc.edu	8.231.75.161
263	Izaak	Poytress	ipoytress7a@sogou.com	105.113.238.27
264	Chrisy	Jutson	cjutson7b@gravatar.com	72.48.140.230
265	Neddie	Gley	ngley7c@miitbeian.gov.cn	116.232.204.54
266	Hamel	Manthroppe	hmanthroppe7d@com.com	12.202.112.241
267	Dickie	Paeckmeyer	dpaeckmeyer7e@example.com	248.253.243.87
268	Elene	Stenning	estenning7f@addthis.com	215.11.213.83
269	Tory	Grunder	tgrunder7g@soup.io	36.222.106.49
270	Jerald	Paddemore	jpaddemore7h@liveinternet.ru	153.119.211.89
271	Bobbe	Skeene	bskeene7i@networksolutions.com	121.4.118.178
272	Etienne	Georgeon	egeorgeon7j@cmu.edu	57.43.137.75
273	Evangelia	Frany	efrany7k@bing.com	5.211.41.197
274	Micki	Frankish	mfrankish7l@furl.net	10.201.66.31
275	Nanette	Comsty	ncomsty7m@bigcartel.com	252.68.214.28
276	Sofie	Asp	sasp7n@constantcontact.com	214.61.115.45
277	Shaylah	Lanegran	slanegran7o@technorati.com	100.99.64.255
278	Mina	Sabie	msabie7p@newyorker.com	94.16.101.31
279	Idette	Jizhaki	ijizhaki7q@digg.com	197.178.227.96
280	Burch	Gadie	bgadie7r@ow.ly	161.33.232.206
281	Derril	Goudy	dgoudy7s@hibu.com	198.32.84.81
282	Phoebe	Cleverly	pcleverly7t@narod.ru	89.126.78.26
283	Odelle	Glanville	oglanville7u@alibaba.com	230.6.148.135
284	Leslie	Eriksson	leriksson7v@yelp.com	170.101.124.37
285	Marina	Pfaffe	mpfaffe7w@ning.com	48.52.44.72
286	Vanni	Etty	vetty7x@hp.com	163.40.214.58
287	Sheeree	Seif	sseif7y@google.ca	107.212.110.40
288	Cortney	Pitford	cpitford7z@tiny.cc	200.199.181.10
289	Seth	Keays	skeays80@netlog.com	201.53.56.37
290	Penelopa	Slimmon	pslimmon81@reddit.com	240.192.30.252
291	Wiatt	Abdey	wabdey82@is.gd	47.45.37.91
292	Tommie	Eichmann	teichmann83@prnewswire.com	146.150.58.42
293	Webster	Sinton	wsinton84@wikimedia.org	14.112.219.163
294	Essie	Fitchet	efitchet85@google.it	35.52.60.192
295	Elsbeth	Connop	econnop86@goo.ne.jp	164.238.105.95
296	Elbertina	Norcott	enorcott87@paypal.com	209.54.90.234
297	Hetty	Sabathe	hsabathe88@tinypic.com	2.164.212.123
298	Ashby	Towey	atowey89@purevolume.com	200.237.177.253
299	Sherill	Rumming	srumming8a@omniture.com	204.244.151.192
300	Gelya	Cleugher	gcleugher8b@mac.com	231.95.118.80
301	Andrew	Revance	arevance8c@360.cn	3.171.153.15
302	Raff	Tilby	rtilby8d@salon.com	57.232.138.195
303	Adelice	Folkerts	afolkerts8e@youku.com	130.245.67.24
304	Oberon	Dungate	odungate8f@e-recht24.de	115.194.143.98
305	Sascha	Batt	sbatt8g@unesco.org	227.197.243.46
306	Ingaberg	Addlestone	iaddlestone8h@examiner.com	84.3.210.245
307	Dulci	Bedward	dbedward8i@g.co	92.183.249.3
308	Rollin	Kapelhoff	rkapelhoff8j@prweb.com	25.86.51.128
309	Thomasa	Kabsch	tkabsch8k@slideshare.net	216.184.193.100
310	Stavros	Noden	snoden8l@washington.edu	1.150.184.7
311	Cort	Friel	cfriel8m@furl.net	89.171.62.216
312	Analise	D'Alesio	adalesio8n@clickbank.net	115.99.25.11
313	Saxon	Jiru	sjiru8o@cdbaby.com	250.54.249.40
314	Tucky	Witsey	twitsey8p@unblog.fr	29.240.154.122
315	Royall	Bengle	rbengle8q@sciencedaily.com	7.169.141.115
316	Bendite	Haskew	bhaskew8r@reddit.com	164.74.178.127
317	Mehetabel	Skurray	mskurray8s@google.co.uk	236.188.104.71
318	Rolf	Hansberry	rhansberry8t@businessweek.com	23.149.36.215
319	Mathilda	Kettle	mkettle8u@cnet.com	119.83.89.109
320	Ag	McIlrath	amcilrath8v@stumbleupon.com	95.220.182.162
321	Derrick	Aisman	daisman8w@time.com	203.130.31.203
322	Walsh	Hatch	whatch8x@mit.edu	199.86.122.100
323	Ariana	Gull	agull8y@patch.com	4.69.18.118
324	Silvie	Hilhouse	shilhouse8z@gov.uk	93.102.251.253
325	Dyanna	Pitway	dpitway90@sogou.com	193.117.11.226
326	Lek	Addinall	laddinall91@spiegel.de	31.171.186.121
327	Arlie	Neylan	aneylan92@plala.or.jp	18.218.174.61
328	Warde	Santen	wsanten93@yahoo.com	72.180.54.245
329	Cecil	Grafhom	cgrafhom94@livejournal.com	103.167.243.39
330	Felice	Blaker	fblaker95@ebay.com	212.163.82.112
331	Benny	Teulier	bteulier96@last.fm	203.232.122.21
332	Wayne	Overstreet	woverstreet97@columbia.edu	58.23.131.176
333	Elga	Bantock	ebantock98@addtoany.com	143.106.60.92
334	Emiline	Gossling	egossling99@ca.gov	196.187.118.113
335	Tamarah	Faux	tfaux9a@youku.com	82.65.41.151
336	Cherey	Binfield	cbinfield9b@spotify.com	10.22.127.55
337	Grissel	Thonger	gthonger9c@state.gov	171.61.80.174
338	Marve	Lambrechts	mlambrechts9d@wired.com	59.54.39.203
339	Cord	Coady	ccoady9e@eepurl.com	60.76.88.249
340	Cobbie	Tabrett	ctabrett9f@amazon.com	24.159.126.156
341	Cortney	Leftbridge	cleftbridge9g@hc360.com	105.231.172.162
342	Pearle	Farrah	pfarrah9h@npr.org	49.25.87.135
343	Lorinda	Sprigin	lsprigin9i@youku.com	186.180.33.84
344	Cathrin	Wanley	cwanley9j@patch.com	203.61.110.20
345	Ernestine	Morgan	emorgan9k@free.fr	31.58.165.150
346	Zeb	Riccio	zriccio9l@clickbank.net	105.116.15.1
347	Linn	Giotto	lgiotto9m@ebay.com	153.64.249.129
348	Alica	Sennett	asennett9n@stumbleupon.com	163.142.142.93
349	Bobbee	Bowcock	bbowcock9o@elpais.com	236.30.122.179
350	Bary	Macias	bmacias9p@360.cn	227.253.137.120
351	Vicky	Arunowicz	varunowicz9q@skyrock.com	63.122.53.70
352	Donovan	Capell	dcapell9r@youku.com	136.133.176.44
353	Kandace	Quest	kquest9s@goo.ne.jp	181.12.247.187
354	Anthiathia	Dade	adade9t@cocolog-nifty.com	163.132.145.191
355	Colette	Ingolotti	cingolotti9u@businessinsider.com	106.243.229.162
356	Elysia	Poley	epoley9v@census.gov	172.170.192.52
357	Nerita	Jeyes	njeyes9w@who.int	47.104.133.255
358	Antonius	Yankin	ayankin9x@goodreads.com	55.91.171.237
359	Sigismondo	Swaby	sswaby9y@amazonaws.com	96.241.65.89
360	Thatcher	Winterborne	twinterborne9z@theatlantic.com	229.159.34.83
361	Cull	Emerson	cemersona0@globo.com	23.69.10.14
362	Lorry	Fern	lferna1@odnoklassniki.ru	248.3.84.48
363	Kori	Parsley	kparsleya2@disqus.com	9.178.169.82
364	Christoffer	Abbets	cabbetsa3@jalbum.net	168.214.90.124
365	Kakalina	Vasiliu	kvasiliua4@deliciousdays.com	171.149.34.231
366	Bonni	Aspenlon	baspenlona5@shutterfly.com	137.229.226.111
367	Ford	Dunmuir	fdunmuira6@spiegel.de	209.79.171.128
368	Kahaleel	Forth	kfortha7@sphinn.com	96.139.33.107
369	Guy	Pepperd	gpepperda8@tripadvisor.com	61.78.45.249
370	Adolphus	Troyes	atroyesa9@elpais.com	165.117.242.28
371	Dukey	Everley	deverleyaa@sbwire.com	91.95.157.191
372	Merrick	Bernaldez	mbernaldezab@hugedomains.com	48.40.26.148
373	Galvin	Vellden	gvelldenac@netscape.com	172.12.116.48
374	Fiorenze	Greenhalgh	fgreenhalghad@google.com	139.148.239.100
375	Paquito	Shellsheere	pshellsheereae@nbcnews.com	192.160.50.58
376	Carolus	Mueller	cmuelleraf@elpais.com	52.152.224.49
377	Ingaborg	O'Noulane	ionoulaneag@bizjournals.com	86.5.6.219
378	Anatole	Masser	amasserah@google.co.uk	47.167.157.155
379	Yves	Jerram	yjerramai@canalblog.com	50.249.158.11
380	Jesse	Sibbe	jsibbeaj@yellowbook.com	36.244.100.106
381	Maura	Worham	mworhamak@histats.com	44.168.130.176
382	Eada	Blazej	eblazejal@youtube.com	209.77.55.9
383	Jere	Gostick	jgostickam@w3.org	227.157.5.212
384	Drusilla	Giraudo	dgiraudoan@statcounter.com	105.40.195.94
385	Helaine	Pettegree	hpettegreeao@fema.gov	70.197.241.199
386	Kristofor	Goldsbrough	kgoldsbroughap@cnet.com	182.88.92.145
387	Benedicta	Fraulo	bfrauloaq@blinklist.com	200.120.121.179
388	Annnora	Excell	aexcellar@telegraph.co.uk	10.43.233.45
389	Easter	Scoles	escolesas@bizjournals.com	56.59.243.172
390	Sutherland	Coffelt	scoffeltat@ibm.com	55.19.107.15
391	Karlee	Keyhoe	kkeyhoeau@jigsy.com	62.40.222.8
392	Leodora	McKinnon	lmckinnonav@qq.com	221.213.167.243
393	Buffy	Elliston	bellistonaw@drupal.org	239.66.112.100
394	Sam	Spoole	sspooleax@abc.net.au	113.218.213.66
395	Roseanne	Thomelin	rthomelinay@blinklist.com	180.116.198.249
396	Daffie	Muris	dmurisaz@gov.uk	15.168.73.23
397	Josie	Pattingson	jpattingsonb0@youku.com	245.130.99.33
398	Minetta	Butts	mbuttsb1@google.co.uk	254.198.16.122
399	Reeba	Fremantle	rfremantleb2@rakuten.co.jp	225.92.62.149
400	Shaylah	Tanton	stantonb3@aol.com	125.113.199.249
401	Kingston	Dahlborg	kdahlborgb4@moonfruit.com	17.207.217.3
402	Clementina	Marklow	cmarklowb5@ted.com	82.177.148.250
403	Jone	Liquorish	jliquorishb6@163.com	71.56.163.18
404	Enrika	Bernardes	ebernardesb7@biblegateway.com	241.12.51.34
405	Aveline	Munson	amunsonb8@oracle.com	105.112.131.123
406	Owen	Glencrosche	oglencroscheb9@soundcloud.com	193.44.66.16
407	Patrice	Feldmus	pfeldmusba@networkadvertising.org	68.172.180.36
408	Bendix	Minucci	bminuccibb@cmu.edu	182.193.25.11
409	Linell	Starling	lstarlingbc@google.fr	247.80.170.97
410	Fabio	Oller	follerbd@cdc.gov	131.243.107.118
411	Webster	Nerger	wnergerbe@exblog.jp	121.176.168.136
412	Sharai	Calver	scalverbf@earthlink.net	90.181.239.239
413	Thia	O Mullen	tomullenbg@accuweather.com	143.238.47.83
414	Danie	Crates	dcratesbh@nationalgeographic.com	171.1.82.45
415	Adlai	Sollitt	asollittbi@jimdo.com	114.150.71.34
416	Tiertza	Everard	teverardbj@arizona.edu	211.248.171.245
417	Uriah	Toulch	utoulchbk@whitehouse.gov	115.88.162.81
418	Sharai	Mitchall	smitchallbl@uiuc.edu	160.239.55.156
419	Gilli	Bruni	gbrunibm@noaa.gov	13.112.10.148
420	Elfrieda	Mashal	emashalbn@moonfruit.com	87.18.36.173
421	Oren	Hagland	ohaglandbo@yahoo.co.jp	237.59.70.4
422	Katherine	Pinnocke	kpinnockebp@prweb.com	133.107.81.156
423	Salvador	Knutsen	sknutsenbq@gravatar.com	136.195.156.143
424	Jonathan	Abbe	jabbebr@hc360.com	68.4.88.101
425	Gisele	Grogan	ggroganbs@cbslocal.com	165.110.172.207
426	Cyrille	Kaspar	ckasparbt@telegraph.co.uk	62.223.185.212
427	Sukey	Meagher	smeagherbu@smh.com.au	189.134.187.251
428	Ryun	Jaffra	rjaffrabv@mozilla.com	73.133.161.135
429	Eileen	Gleasane	egleasanebw@bloomberg.com	82.242.7.230
430	Alberik	Flukes	aflukesbx@jugem.jp	127.191.171.118
431	Serena	Sleney	ssleneyby@ted.com	241.80.72.110
432	Esdras	Starkey	estarkeybz@gmpg.org	224.115.154.110
433	Kearney	Barg	kbargc0@va.gov	177.40.244.249
434	Nicolas	Chappelow	nchappelowc1@nationalgeographic.com	110.39.95.67
435	Edin	Linny	elinnyc2@symantec.com	86.137.124.52
436	Camilla	Kaliszewski	ckaliszewskic3@accuweather.com	102.251.228.103
437	Ardelis	Capener	acapenerc4@engadget.com	231.212.131.39
438	Karena	Purdon	kpurdonc5@seattletimes.com	201.240.68.4
439	Kittie	Sonner	ksonnerc6@weather.com	24.181.37.72
440	Carny	Duffield	cduffieldc7@salon.com	228.189.252.186
441	Arvie	Bremley	abremleyc8@booking.com	135.3.53.40
442	Laurena	Corcoran	lcorcoranc9@economist.com	74.28.81.114
443	Marney	Westoll	mwestollca@com.com	235.31.146.12
444	Vernor	Redmire	vredmirecb@ocn.ne.jp	41.183.158.244
445	Christi	Peres	cperescc@biglobe.ne.jp	209.59.134.36
446	Karlotta	O'Quin	koquincd@etsy.com	107.254.0.216
447	Farley	Challice	fchallicece@hao123.com	84.37.142.235
448	Miquela	Gariff	mgariffcf@skyrock.com	218.228.168.139
449	Bone	Wrates	bwratescg@vimeo.com	247.239.6.53
450	Clareta	Cratere	ccraterech@wired.com	214.87.161.6
451	Syd	Fink	sfinkci@cnet.com	187.57.115.57
452	Marcelia	Dollar	mdollarcj@weather.com	105.198.81.30
453	Maisey	Bremeyer	mbremeyerck@timesonline.co.uk	164.66.88.87
454	Karalee	Botwood	kbotwoodcl@exblog.jp	158.169.128.214
455	Clemence	Teasey	cteaseycm@cbc.ca	68.11.125.3
456	Elset	Barribal	ebarribalcn@dell.com	184.210.93.57
457	Jeffie	Yousef	jyousefco@usgs.gov	53.61.14.89
458	Maggi	Poultney	mpoultneycp@digg.com	219.90.103.66
459	Cleavland	Whiteley	cwhiteleycq@cisco.com	115.169.230.182
460	Brnaba	Gounin	bgounincr@phpbb.com	206.177.97.147
461	Ilyssa	Pendock	ipendockcs@sina.com.cn	113.183.81.16
462	Brana	Langtry	blangtryct@tinyurl.com	237.168.112.212
463	Celina	Easthope	ceasthopecu@360.cn	19.78.110.29
464	Hilliary	Pancost	hpancostcv@wufoo.com	226.252.14.147
465	Cele	Caurah	ccaurahcw@youtu.be	32.86.127.235
466	Garvin	Moncarr	gmoncarrcx@bravesites.com	61.50.206.251
467	Weber	Kenrat	wkenratcy@slashdot.org	201.159.42.100
468	Leonie	Tripett	ltripettcz@ehow.com	62.239.159.173
469	Alexandros	Whitchurch	awhitchurchd0@dropbox.com	153.149.50.185
470	Anitra	Roscow	aroscowd1@infoseek.co.jp	0.6.245.249
471	Marietta	Conry	mconryd2@usa.gov	254.111.91.101
472	Elsinore	Hakeworth	ehakeworthd3@cnn.com	149.157.123.11
473	Krispin	Nappin	knappind4@hud.gov	144.46.78.215
474	Sayer	Bockin	sbockind5@bigcartel.com	56.205.191.103
475	Vassili	Dews	vdewsd6@microsoft.com	207.159.16.110
476	Heloise	Carruthers	hcarruthersd7@altervista.org	206.36.52.246
477	Wylma	Hinrichs	whinrichsd8@xinhuanet.com	11.3.173.193
478	Jacquenetta	Cursons	jcursonsd9@tuttocitta.it	249.63.69.235
479	Celia	Lineker	clinekerda@mozilla.org	114.154.117.1
480	Stefania	Haston	shastondb@yellowbook.com	100.179.170.138
481	Horatio	Doward	hdowarddc@bloglovin.com	134.179.192.97
482	Davita	Sherbrook	dsherbrookdd@paginegialle.it	112.124.10.132
483	Olenolin	Ethelstone	oethelstonede@google.com.au	85.46.15.105
484	Dre	Trythall	dtrythalldf@webnode.com	87.159.166.173
485	Codi	Janning	cjanningdg@fema.gov	24.126.200.221
486	Alanson	Hallahan	ahallahandh@stumbleupon.com	49.50.155.79
487	Dori	Crayker	dcraykerdi@sphinn.com	71.124.200.130
488	Gianni	Petr	gpetrdj@jalbum.net	65.202.232.117
489	Barrie	Slogrove	bslogrovedk@delicious.com	252.250.192.197
490	Trix	Palek	tpalekdl@aol.com	139.63.233.1
491	Renell	Dawidowicz	rdawidowiczdm@jugem.jp	226.85.75.46
492	Tan	Watton	twattondn@ted.com	146.54.7.76
493	Helge	McGillicuddy	hmcgillicuddydo@huffingtonpost.com	43.244.8.31
494	Lin	Thurlborn	lthurlborndp@blogtalkradio.com	19.190.107.47
495	Kipp	Wadeson	kwadesondq@cbc.ca	17.177.185.92
496	Virginia	Casbon	vcasbondr@comcast.net	115.130.83.222
497	Carolyn	Russe	crusseds@google.es	142.184.102.139
498	Ernest	Grout	egroutdt@china.com.cn	211.47.13.79
499	Tobit	MacSkeagan	tmacskeagandu@salon.com	46.193.114.58
500	Wilek	Nore	wnoredv@cyberchimps.com	93.215.205.93
501	Matt	Ropartz	mropartzdw@nba.com	90.38.164.11
502	Kenny	Braniff	kbraniffdx@mozilla.com	35.131.246.178
503	Trueman	Slessor	tslessordy@bravesites.com	89.141.116.104
504	Brana	Martelet	bmarteletdz@unc.edu	35.76.254.242
505	Ario	Bradborne	abradbornee0@networkadvertising.org	24.34.176.26
506	Luise	Tabram	ltabrame1@seattletimes.com	138.157.75.26
507	Austin	McClymont	amcclymonte2@ask.com	94.214.184.247
508	Moyra	Dabbes	mdabbese3@vimeo.com	221.197.147.223
509	Walsh	Wooster	wwoostere4@si.edu	221.132.206.100
510	Renelle	Axelby	raxelbye5@earthlink.net	245.160.138.28
511	Wilt	Musselwhite	wmusselwhitee6@instagram.com	208.137.28.86
512	Delmer	Reese	dreesee7@nydailynews.com	192.30.247.98
513	Luella	Fleote	lfleotee8@about.com	47.195.52.227
514	Obediah	Castanos	ocastanose9@vistaprint.com	197.47.232.252
515	Terrie	Storcke	tstorckeea@wikipedia.org	118.221.128.11
516	Flossi	Bullen	fbulleneb@ocn.ne.jp	202.97.84.10
517	Dorene	Barta	dbartaec@networksolutions.com	198.237.203.219
518	Barnett	McConnel	bmcconneled@zimbio.com	43.202.182.19
519	Glad	Brimfield	gbrimfieldee@mozilla.com	71.147.238.166
520	Rozella	Stonall	rstonallef@squarespace.com	202.190.245.174
521	Les	Tozer	ltozereg@nature.com	234.57.150.177
522	Dominik	Overstreet	doverstreeteh@tumblr.com	122.137.11.55
523	Nadean	Rosenstiel	nrosenstielei@newsvine.com	203.36.215.147
524	Thorin	Dawidowitz	tdawidowitzej@salon.com	88.159.1.12
525	Winslow	Kimber	wkimberek@bbc.co.uk	219.198.1.22
526	Milt	Pacquet	mpacquetel@paypal.com	120.211.228.130
527	Augustine	Caddell	acaddellem@liveinternet.ru	16.45.45.197
528	Erie	Sabben	esabbenen@home.pl	42.132.25.90
529	Stavro	Lohde	slohdeeo@yellowbook.com	205.124.170.113
530	Michaella	Sambedge	msambedgeep@unblog.fr	93.55.37.196
531	Davide	Matlock	dmatlockeq@cafepress.com	152.199.145.193
532	Lorne	Stainer	lstainerer@howstuffworks.com	150.255.217.134
533	Leonore	Koomar	lkoomares@mapquest.com	230.132.165.68
534	Elyssa	Douthwaite	edouthwaiteet@utexas.edu	245.108.17.159
535	Davis	Zaple	dzapleeu@t-online.de	5.195.189.19
536	Damaris	Waddam	dwaddamev@cafepress.com	18.178.41.148
537	Lavina	Whistlecroft	lwhistlecroftew@so-net.ne.jp	67.119.8.33
538	Grazia	Heyfield	gheyfieldex@qq.com	232.247.71.179
539	Morrie	Mahon	mmahoney@hhs.gov	37.201.46.44
540	Augusta	Shury	ashuryez@hhs.gov	123.9.113.88
541	Sholom	Batkin	sbatkinf0@nymag.com	35.32.185.75
542	Wain	Speechley	wspeechleyf1@multiply.com	253.9.74.20
543	Giustina	Mosley	gmosleyf2@constantcontact.com	223.79.54.70
544	Brendan	Kyle	bkylef3@seesaa.net	94.153.190.76
545	Pollyanna	Hanfrey	phanfreyf4@nps.gov	57.148.173.84
546	Junia	Jandac	jjandacf5@sina.com.cn	143.189.226.65
547	Logan	Whereat	lwhereatf6@dailymotion.com	238.91.199.61
548	Kordula	Windibank	kwindibankf7@sitemeter.com	207.190.209.202
549	Cyrill	Bessom	cbessomf8@dailymail.co.uk	149.8.236.36
550	Marylinda	Smellie	msmellief9@paginegialle.it	87.39.226.99
551	Addie	Napoleone	anapoleonefa@cornell.edu	219.194.167.55
552	Jesus	Allerton	jallertonfb@reddit.com	126.224.214.237
553	Warde	Nevinson	wnevinsonfc@zdnet.com	172.24.198.215
554	Cassaundra	Roddan	croddanfd@trellian.com	197.8.209.96
555	Jo ann	Balnave	jbalnavefe@ucoz.com	205.237.238.105
556	Ali	Benezet	abenezetff@accuweather.com	13.147.62.185
557	Raina	Allcorn	rallcornfg@about.com	254.165.17.17
558	Hope	Girdler	hgirdlerfh@netscape.com	153.249.79.186
559	Eada	Egdal	eegdalfi@gmpg.org	185.82.91.196
560	Josias	Stoite	jstoitefj@blogspot.com	249.204.10.79
561	Marta	Carren	mcarrenfk@networkadvertising.org	77.168.144.146
562	Regan	Kearley	rkearleyfl@privacy.gov.au	28.137.159.63
563	Ezekiel	Hill	ehillfm@alibaba.com	24.237.2.157
564	Dorisa	Youdell	dyoudellfn@devhub.com	60.2.192.229
565	Lolly	Wilcot	lwilcotfo@clickbank.net	179.254.140.171
566	Urbain	Klagges	uklaggesfp@ifeng.com	224.210.76.74
567	Willey	Whinray	wwhinrayfq@sourceforge.net	103.139.120.213
568	Burke	Dancer	bdancerfr@gmpg.org	67.90.13.26
569	Tirrell	Brafferton	tbraffertonfs@chronoengine.com	241.238.179.82
570	Lonna	Ray	lrayft@upenn.edu	178.165.238.58
571	Juliette	Rikkard	jrikkardfu@state.tx.us	185.183.106.124
572	Coop	Tims	ctimsfv@forbes.com	128.66.29.101
573	Artus	Quin	aquinfw@naver.com	56.94.87.176
574	Angelico	Gretham	agrethamfx@homestead.com	233.133.87.115
575	Cosme	Olivella	colivellafy@intel.com	81.197.122.138
576	Marlyn	Gregoriou	mgregorioufz@netvibes.com	78.71.142.40
577	Lamar	MacKaig	lmackaigg0@reuters.com	92.251.172.148
578	Ethel	Kleen	ekleeng1@virginia.edu	71.213.167.185
579	Rufe	Chrismas	rchrismasg2@nps.gov	142.146.89.109
580	Odelle	Christall	ochristallg3@toplist.cz	101.85.175.148
581	Whitaker	Comben	wcombeng4@over-blog.com	163.193.139.178
582	Tait	McGonagle	tmcgonagleg5@soup.io	9.103.40.13
583	Stephen	Lowry	slowryg6@miitbeian.gov.cn	73.135.84.83
584	Nial	Kelson	nkelsong7@vk.com	74.24.100.220
585	Jard	Winterbotham	jwinterbothamg8@ebay.co.uk	190.196.202.60
586	Kristyn	Deniscke	kdenisckeg9@constantcontact.com	59.67.221.247
587	Ingram	Ashforth	iashforthga@princeton.edu	155.254.38.13
588	Crichton	Hought	choughtgb@boston.com	194.230.240.14
589	Claiborn	Huckabe	chuckabegc@businesswire.com	215.112.0.166
590	Julee	Stollsteiner	jstollsteinergd@mozilla.org	239.52.3.183
591	Jessie	Rosengren	jrosengrenge@chron.com	150.187.75.142
592	Ferd	Sahnow	fsahnowgf@dion.ne.jp	105.131.97.107
593	Harlan	Vandenhoff	hvandenhoffgg@redcross.org	153.151.27.22
594	Dionne	Cromer	dcromergh@java.com	175.144.103.162
595	Bill	Yashaev	byashaevgi@wp.com	99.185.26.141
596	Prudy	Bruhn	pbruhngj@typepad.com	214.94.210.96
597	Nikolaos	Rief	nriefgk@opera.com	222.143.68.17
598	Marybeth	Sloss	mslossgl@china.com.cn	30.21.32.43
599	Irene	Lancashire	ilancashiregm@cisco.com	79.36.200.118
600	Anabel	Entwisle	aentwislegn@topsy.com	209.46.89.124
601	Bradan	Whatley	bwhatleygo@fastcompany.com	67.77.189.250
602	Clair	Carleman	ccarlemangp@theguardian.com	117.59.116.87
603	Taddeo	Moppett	tmoppettgq@omniture.com	200.53.89.123
604	Lexie	Tuckerman	ltuckermangr@go.com	186.22.139.129
605	Mitchell	Alleyn	malleyngs@arizona.edu	165.1.48.64
606	Cecilla	Canon	ccanongt@hostgator.com	180.251.83.61
607	Sansone	Rillstone	srillstonegu@timesonline.co.uk	18.9.181.1
608	Carolyn	Wasmuth	cwasmuthgv@nih.gov	71.163.103.160
609	Manda	Jaggar	mjaggargw@fda.gov	89.118.142.190
610	Brooke	Gadie	bgadiegx@freewebs.com	133.209.251.215
611	Abba	Dakhov	adakhovgy@shutterfly.com	151.124.131.88
612	Nil	Douty	ndoutygz@elpais.com	56.157.239.126
613	Olenka	Ragdale	oragdaleh0@reddit.com	95.137.12.57
614	Milissent	Bellino	mbellinoh1@privacy.gov.au	97.33.75.168
615	Casandra	Maginn	cmaginnh2@seesaa.net	44.154.90.91
616	Clio	Yanne	cyanneh3@scribd.com	169.92.90.13
617	Chick	Ambrogi	cambrogih4@usatoday.com	96.224.137.238
618	Sarajane	Tomczynski	stomczynskih5@weibo.com	229.113.164.150
619	Ulberto	Crumby	ucrumbyh6@so-net.ne.jp	67.43.44.171
620	Leoline	Scanderet	lscandereth7@bbb.org	101.225.82.84
621	Rheba	Sweeney	rsweeneyh8@comcast.net	236.43.29.189
622	Kynthia	Toner	ktonerh9@google.cn	87.213.110.130
623	Gregoire	Meffen	gmeffenha@google.com	252.154.31.57
624	Audrey	Toping	atopinghb@constantcontact.com	95.210.121.148
625	Dorey	Huxton	dhuxtonhc@barnesandnoble.com	158.77.26.50
626	Ignaz	Peter	ipeterhd@epa.gov	226.33.134.132
627	Griff	Fanthome	gfanthomehe@berkeley.edu	45.144.39.190
628	Marne	Rocca	mroccahf@salon.com	168.134.186.245
629	Gale	Thomel	gthomelhg@google.com.br	181.171.90.124
630	Clayson	Sothcott	csothcotthh@pen.io	242.224.235.36
631	Melinde	Kelcher	mkelcherhi@sun.com	69.123.158.24
632	Claudianus	Hess	chesshj@unesco.org	215.34.167.50
633	Barton	Harland	bharlandhk@clickbank.net	34.114.147.246
634	Antonius	Buckwell	abuckwellhl@friendfeed.com	47.96.77.182
635	Terra	Abrahams	tabrahamshm@barnesandnoble.com	45.62.132.198
636	Astrix	Bees	abeeshn@apache.org	153.142.41.103
637	Fons	Corrin	fcorrinho@bloomberg.com	201.58.0.222
638	Nedda	Carlone	ncarlonehp@sfgate.com	210.66.125.221
639	Norrie	Greenlees	ngreenleeshq@flavors.me	176.125.198.45
640	Melly	Pruckner	mprucknerhr@myspace.com	251.29.99.253
641	Sarene	MacKenzie	smackenziehs@blog.com	86.249.235.102
642	Sherwood	Ruzic	sruzicht@sciencedaily.com	82.116.131.12
643	Phaidra	MacGettigen	pmacgettigenhu@yahoo.co.jp	73.108.177.129
644	Annette	Heindl	aheindlhv@mail.ru	152.51.139.114
645	Nell	Killcross	nkillcrosshw@desdev.cn	67.37.61.15
646	Tori	McSkeagan	tmcskeaganhx@cnet.com	165.242.94.177
647	Darrell	Worsnup	dworsnuphy@mozilla.com	106.170.221.90
648	Logan	Warrick	lwarrickhz@about.com	65.180.216.37
649	Bastian	Summersett	bsummersetti0@creativecommons.org	215.141.109.188
650	Orrin	Naerup	onaerupi1@wordpress.org	108.154.188.151
651	Maude	Wickie	mwickiei2@boston.com	117.85.86.163
652	Galina	Watting	gwattingi3@nyu.edu	33.208.104.154
653	Regan	O'Collopy	rocollopyi4@yelp.com	144.255.5.157
654	Cathie	Brik	cbriki5@goo.ne.jp	121.251.124.254
655	Marc	Maccrea	mmaccreai6@youtube.com	83.210.229.208
656	Elsie	Catterick	ecattericki7@nasa.gov	1.14.214.186
657	Evangelin	Royste	eroystei8@unc.edu	172.150.18.152
658	Tobias	Emson	temsoni9@hhs.gov	211.1.134.33
659	Christophorus	Vinick	cvinickia@foxnews.com	216.249.6.63
660	Millicent	Don	mdonib@google.com	143.15.69.199
661	Murial	Langfat	mlangfatic@devhub.com	148.207.73.28
662	Johnna	Biddleston	jbiddlestonid@bizjournals.com	187.182.255.18
663	Lisetta	Veevers	lveeversie@ucla.edu	172.184.251.3
664	Darell	Kennedy	dkennedyif@ucsd.edu	67.25.48.139
665	Ruthie	Robichon	rrobichonig@bluehost.com	13.161.148.88
666	Jennine	Killingbeck	jkillingbeckih@dell.com	107.16.5.4
667	Arluene	Ozelton	aozeltonii@wufoo.com	146.238.47.57
668	Trescha	Boniface	tbonifaceij@cnn.com	81.98.135.90
669	Preston	Liddell	pliddellik@wiley.com	142.146.178.188
670	Consuelo	Conrad	cconradil@netscape.com	132.44.205.56
671	Olag	Penas	openasim@simplemachines.org	95.136.83.128
672	Silvio	Daid	sdaidin@cafepress.com	128.244.169.62
673	Joeann	Howood	jhowoodio@twitter.com	163.21.91.239
674	Traci	Maffioletti	tmaffiolettiip@yellowpages.com	195.14.100.208
675	Wilden	Hobell	whobelliq@twitpic.com	228.205.182.59
676	Bartlet	Tomblin	btomblinir@weebly.com	82.118.140.33
677	Clyve	Hamblin	chamblinis@studiopress.com	226.35.71.58
678	Rand	Lauga	rlaugait@about.com	70.130.222.66
679	Vivia	Swafford	vswaffordiu@oakley.com	93.74.90.74
680	Ly	Yakushkev	lyakushkeviv@jimdo.com	221.133.179.164
681	Haleigh	Cogin	hcoginiw@disqus.com	81.154.249.241
682	Lynnet	Storie	lstorieix@gov.uk	10.149.232.188
683	Tomlin	Rigden	trigdeniy@imageshack.us	225.202.230.121
684	Sybilla	Atkins	satkinsiz@mlb.com	11.43.114.16
685	Kameko	Mucklow	kmucklowj0@soup.io	249.232.179.50
686	Clarey	Yelden	cyeldenj1@wisc.edu	126.143.127.72
687	Gabey	Rollins	grollinsj2@dell.com	228.254.141.221
688	Harman	Battin	hbattinj3@amazon.de	119.50.203.81
689	Jeniece	Baffin	jbaffinj4@google.es	144.14.191.36
690	Lelia	Bontine	lbontinej5@printfriendly.com	242.136.5.73
691	Karen	Weavill	kweavillj6@dailymail.co.uk	134.3.172.168
692	Sibel	Charrington	scharringtonj7@weather.com	130.168.64.97
693	Luisa	Howlin	lhowlinj8@bigcartel.com	51.126.121.123
694	Berta	Scarsbrick	bscarsbrickj9@ustream.tv	150.68.226.56
695	Gino	Casillis	gcasillisja@fastcompany.com	3.125.109.157
696	Kim	Rhoades	krhoadesjb@mozilla.com	54.41.190.130
697	Rianon	Struijs	rstruijsjc@aol.com	50.43.201.254
698	Gav	Duchesne	gduchesnejd@joomla.org	14.45.172.70
699	Norman	Mitskevich	nmitskevichje@de.vu	236.230.4.96
700	Alysa	Raigatt	araigattjf@is.gd	114.136.162.103
701	Elvis	Maciocia	emaciociajg@amazon.com	121.87.218.211
702	Cherilynn	Claige	cclaigejh@walmart.com	143.49.129.134
703	Poppy	Barrows	pbarrowsji@cam.ac.uk	78.48.0.142
704	Justine	Crannage	jcrannagejj@rakuten.co.jp	10.172.130.70
705	Kleon	Adlem	kadlemjk@topsy.com	11.146.120.244
706	Hakim	Streather	hstreatherjl@oakley.com	247.105.67.32
707	Berry	Smurthwaite	bsmurthwaitejm@wp.com	120.107.1.148
708	Philomena	Raeburn	praeburnjn@wikia.com	114.181.122.11
709	Aluino	Danko	adankojo@theglobeandmail.com	51.106.157.180
710	Richie	Hold	rholdjp@admin.ch	99.109.148.173
711	Laurice	Dagon	ldagonjq@edublogs.org	241.40.122.55
712	Karlis	Wollrauch	kwollrauchjr@cdc.gov	47.204.14.245
713	Derrick	Niblock	dniblockjs@acquirethisname.com	24.235.183.144
714	Barby	Farey	bfareyjt@cbsnews.com	226.172.230.181
715	Ky	Vennings	kvenningsju@hexun.com	217.3.101.244
716	Margaretta	Weal	mwealjv@tuttocitta.it	64.255.237.217
717	Giffy	Kleint	gkleintjw@springer.com	249.253.92.102
718	Crin	Birch	cbirchjx@shutterfly.com	210.210.65.35
719	Valaria	Deave	vdeavejy@linkedin.com	211.213.92.82
720	Bathsheba	Ivanyutin	bivanyutinjz@fc2.com	146.154.0.188
721	Fredericka	Pittem	fpittemk0@sakura.ne.jp	250.14.12.76
722	Tonnie	Slowey	tsloweyk1@sciencedirect.com	190.188.94.181
723	Ann	Gravatt	agravattk2@alexa.com	119.245.76.112
724	Hymie	Ccomini	hccominik3@huffingtonpost.com	160.62.241.178
725	Christal	Vaugham	cvaughamk4@arizona.edu	134.54.188.171
726	Lucine	Ewbanks	lewbanksk5@elegantthemes.com	254.246.13.211
727	Kerianne	Duprey	kdupreyk6@51.la	52.201.64.217
728	Barby	Sykes	bsykesk7@is.gd	105.133.180.144
729	Othilie	McDonand	omcdonandk8@51.la	43.135.43.7
730	Chelsie	Wheatman	cwheatmank9@discuz.net	101.157.105.243
731	Kamilah	Widdison	kwiddisonka@cmu.edu	99.237.205.188
732	Manya	Pegden	mpegdenkb@ft.com	122.185.144.176
733	Adele	Kirsopp	akirsoppkc@seesaa.net	7.20.118.239
734	Brana	Willment	bwillmentkd@mayoclinic.com	47.131.227.212
735	Edin	Burgwyn	eburgwynke@usda.gov	232.41.193.120
736	Allina	Rudgerd	arudgerdkf@yandex.ru	47.195.18.4
737	Marissa	Trahear	mtrahearkg@ed.gov	22.45.166.201
738	Neils	Belchamber	nbelchamberkh@chronoengine.com	156.146.94.208
739	Mordecai	Hooban	mhoobanki@vistaprint.com	129.26.210.155
740	Andree	Carwithim	acarwithimkj@google.ru	91.187.72.31
741	Sydney	Baldassi	sbaldassikk@ow.ly	186.53.219.206
742	Kelby	Westmancoat	kwestmancoatkl@sfgate.com	88.216.34.250
743	Arlan	Cotton	acottonkm@vk.com	157.244.123.68
744	Shawnee	Petty	spettykn@tuttocitta.it	227.128.217.11
745	Shandy	Rookwell	srookwellko@slashdot.org	169.122.56.252
746	Dick	Hele	dhelekp@technorati.com	99.197.132.211
747	Shae	McIlriach	smcilriachkq@eventbrite.com	21.34.9.19
748	Alyson	Cohani	acohanikr@drupal.org	108.35.255.39
749	Sybila	Frantz	sfrantzks@reverbnation.com	148.33.116.34
750	Almeda	Leftly	aleftlykt@theglobeandmail.com	71.135.146.74
751	Corey	Gillett	cgillettku@joomla.org	4.224.170.106
752	Lark	Figures	lfigureskv@behance.net	221.47.222.251
753	Ginelle	Wandtke	gwandtkekw@ihg.com	123.53.70.160
754	Farrel	Badam	fbadamkx@taobao.com	155.215.255.248
755	Ralf	Germain	rgermainky@clickbank.net	41.50.213.178
756	Mortimer	Rosin	mrosinkz@senate.gov	209.97.216.38
757	Austina	Petras	apetrasl0@craigslist.org	79.18.202.36
758	Sherry	Rountree	srountreel1@lulu.com	228.2.37.80
759	Keely	MacNeice	kmacneicel2@narod.ru	101.108.250.189
760	Teddy	Growy	tgrowyl3@sphinn.com	191.71.44.227
761	Nestor	McGaw	nmcgawl4@icio.us	150.177.175.35
762	Regine	Scobie	rscobiel5@t.co	97.56.206.93
763	Anna	Donavan	adonavanl6@jugem.jp	83.122.199.30
764	Phyllys	Lamperd	plamperdl7@amazon.com	64.138.32.173
765	Karin	Mawd	kmawdl8@patch.com	252.18.194.21
766	Yurik	Scougal	yscougall9@washington.edu	21.72.45.138
767	Austin	Darlow	adarlowla@spiegel.de	202.63.60.79
768	Lilas	Gotch	lgotchlb@dedecms.com	248.226.88.205
769	Bourke	Furzey	bfurzeylc@smugmug.com	143.118.43.100
770	Franni	McGrory	fmcgroryld@usda.gov	93.47.98.93
771	Paulie	Olivello	polivellole@topsy.com	52.233.159.162
772	Rennie	Egarr	regarrlf@alibaba.com	138.249.16.28
773	Josias	Felipe	jfelipelg@hexun.com	115.218.5.238
774	Shurlocke	Hein	sheinlh@odnoklassniki.ru	118.248.112.71
775	Alwyn	Rushmere	arushmereli@furl.net	196.86.236.239
776	Cindy	Altoft	caltoftlj@mlb.com	67.252.114.73
777	Noel	Cragell	ncragelllk@pcworld.com	249.229.110.67
778	Vonny	Galle	vgallell@cdc.gov	203.81.18.234
779	Finn	O'dell	fodelllm@sphinn.com	38.13.237.77
780	Reggy	Esseby	ressebyln@wordpress.com	190.68.110.18
781	Vivyanne	Mackneis	vmackneislo@typepad.com	106.160.110.231
782	Herman	Simoneton	hsimonetonlp@furl.net	213.143.168.17
783	Emmanuel	Pawlicki	epawlickilq@hubpages.com	102.255.155.124
784	Elita	Glencros	eglencroslr@telegraph.co.uk	62.63.158.76
785	Mirabella	Scrimshire	mscrimshirels@artisteer.com	231.68.15.138
786	Iggie	MacArthur	imacarthurlt@ft.com	181.165.34.151
787	Willie	Bortoloni	wbortolonilu@typepad.com	50.250.207.117
788	Grenville	Seater	gseaterlv@simplemachines.org	95.253.80.122
789	Sven	Dzenisenka	sdzenisenkalw@blogs.com	24.90.16.203
790	Frank	Muffett	fmuffettlx@newsvine.com	24.137.117.190
791	Dwight	Nucciotti	dnucciottily@admin.ch	105.164.176.234
792	Cecily	Pie	cpielz@mapquest.com	239.204.142.186
793	Kerwin	Yesenev	kyesenevm0@so-net.ne.jp	205.255.216.42
794	Beck	Aggott	baggottm1@shop-pro.jp	6.174.132.161
795	Leyla	Havile	lhavilem2@trellian.com	160.31.96.216
796	Aurora	Pirson	apirsonm3@businessinsider.com	237.254.178.40
797	Dee dee	Dullaghan	ddullaghanm4@webs.com	227.56.114.45
798	Chickie	Trounson	ctrounsonm5@arstechnica.com	243.207.244.115
799	Nissa	Esmond	nesmondm6@arstechnica.com	82.206.3.89
800	Gearard	Robertucci	grobertuccim7@sciencedirect.com	124.80.84.81
801	Dalston	Mabey	dmabeym8@plala.or.jp	69.145.103.112
802	Elliott	Prando	eprandom9@chicagotribune.com	53.239.178.240
803	Merlina	McCumskay	mmccumskayma@icq.com	69.249.67.71
804	Reade	Brimmicombe	rbrimmicombemb@washington.edu	251.84.57.138
805	Gloriana	Eaden	geadenmc@google.co.uk	11.65.175.213
806	Stella	Strase	sstrasemd@drupal.org	172.218.16.152
807	Kelsy	Appleyard	kappleyardme@seesaa.net	215.186.112.227
808	Sydney	Wandrack	swandrackmf@reuters.com	40.188.28.158
809	Emmott	Exposito	eexpositomg@google.nl	73.4.93.129
810	Claudianus	Dinnage	cdinnagemh@comcast.net	74.51.99.77
811	Jeremie	Monahan	jmonahanmi@kickstarter.com	85.130.95.150
812	Ramsay	Cassell	rcassellmj@list-manage.com	185.73.237.63
813	Ario	Magner	amagnermk@goo.ne.jp	238.3.164.224
814	Izak	Eayrs	ieayrsml@uol.com.br	123.140.84.131
815	Rickie	Sinney	rsinneymm@nymag.com	226.200.138.193
816	Billye	Maly	bmalymn@stumbleupon.com	38.217.50.23
817	Roxana	Worswick	rworswickmo@auda.org.au	226.214.53.195
818	Lukas	Presdee	lpresdeemp@desdev.cn	207.226.253.200
819	Pennie	Hedingham	phedinghammq@ovh.net	218.149.136.42
820	Marshall	Moyne	mmoynemr@bandcamp.com	253.182.152.80
821	Isis	Hortop	ihortopms@deliciousdays.com	37.239.74.178
822	Pooh	Skaid	pskaidmt@msu.edu	79.204.85.222
823	Laure	Chadband	lchadbandmu@time.com	175.150.228.196
824	Lonna	Heed	lheedmv@nasa.gov	120.78.89.249
825	Heidie	Peealess	hpeealessmw@google.com	147.19.219.160
826	Noemi	Pigdon	npigdonmx@bloglines.com	37.79.167.211
827	Vonni	Hennington	vhenningtonmy@noaa.gov	132.105.72.8
828	Lavina	Boyer	lboyermz@webnode.com	82.133.7.97
829	Leola	Stocken	lstockenn0@google.ru	238.32.141.135
830	Ashli	Abramowsky	aabramowskyn1@tuttocitta.it	95.19.12.212
831	Darline	Cottingham	dcottinghamn2@toplist.cz	132.207.199.34
832	Adoree	Rushbrook	arushbrookn3@abc.net.au	204.254.80.138
833	Cleveland	Acock	cacockn4@upenn.edu	50.230.242.45
834	Juliette	Dyer	jdyern5@nih.gov	173.101.31.143
835	Freddie	McClune	fmcclunen6@aboutads.info	56.196.255.13
836	Wainwright	Fleote	wfleoten7@cyberchimps.com	25.145.57.247
837	Lonee	Covert	lcovertn8@amazon.co.uk	27.102.5.126
838	Omero	Kellaway	okellawayn9@multiply.com	39.24.75.248
839	Quentin	Tremolieres	qtremolieresna@nifty.com	239.203.10.252
840	Farica	Nawton	fnawtonnb@theguardian.com	242.96.56.185
841	Alecia	Shugg	ashuggnc@ebay.com	135.0.200.42
842	Charla	Breckwell	cbreckwellnd@mozilla.org	180.194.1.127
843	Lemmy	Bussons	lbussonsne@sakura.ne.jp	31.229.8.88
844	Billie	Portail	bportailnf@cyberchimps.com	25.235.111.169
845	Thebault	Wearden	tweardenng@ox.ac.uk	248.250.98.161
846	Shayne	Luney	sluneynh@phoca.cz	242.218.51.35
847	Jilleen	Abbison	jabbisonni@about.com	208.160.182.199
848	Marcelline	Geard	mgeardnj@japanpost.jp	22.92.127.21
849	Felita	Espinheira	fespinheirank@newyorker.com	165.15.48.109
850	Lyle	Baraja	lbarajanl@hud.gov	96.0.151.88
851	Franciska	Caudwell	fcaudwellnm@liveinternet.ru	243.88.159.133
852	Ivan	Cocke	icockenn@dedecms.com	182.123.92.31
853	Querida	Caroline	qcarolineno@pen.io	46.165.133.180
854	Shanna	Bridges	sbridgesnp@mayoclinic.com	74.22.220.177
855	Margo	Danson	mdansonnq@shutterfly.com	167.156.165.84
856	Nertie	Brockie	nbrockienr@rambler.ru	232.116.204.149
857	Darn	Sacker	dsackerns@epa.gov	52.44.197.189
858	Darci	Elsmor	delsmornt@a8.net	106.181.30.74
859	Timothee	MacIlraith	tmacilraithnu@umn.edu	88.38.106.2
860	Shayne	Carlan	scarlannv@ezinearticles.com	245.64.250.42
861	Sven	Vigneron	svigneronnw@trellian.com	20.132.33.87
862	Alexia	Herety	aheretynx@omniture.com	95.170.234.164
863	Hewett	Hallbord	hhallbordny@geocities.com	18.75.169.46
864	Riordan	Rheam	rrheamnz@opera.com	206.213.67.157
865	Nicola	Hampstead	nhampsteado0@vinaora.com	128.197.119.100
866	Hildagarde	Borrows	hborrowso1@de.vu	45.254.50.202
867	Ruthi	Mackieson	rmackiesono2@angelfire.com	195.48.78.235
868	Fair	Hudd	fhuddo3@ameblo.jp	243.64.28.52
869	Harriot	Vida	hvidao4@about.me	215.181.144.1
870	Salvador	Chooter	schootero5@independent.co.uk	169.56.140.229
871	Cammie	Fogden	cfogdeno6@unicef.org	45.254.22.69
872	Falito	McVitty	fmcvittyo7@un.org	126.188.184.244
873	Felecia	Glasscott	fglasscotto8@mapy.cz	72.171.217.162
874	Jelene	Bottrell	jbottrello9@moonfruit.com	184.137.36.27
875	Madelyn	Beeke	mbeekeoa@icio.us	137.218.251.118
876	Barby	Milmoe	bmilmoeob@behance.net	109.78.198.201
877	Beryl	Garnul	bgarnuloc@paypal.com	153.227.43.138
878	Collete	Furmonger	cfurmongerod@constantcontact.com	10.197.210.110
879	Ramon	Lovick	rlovickoe@naver.com	53.39.101.129
880	Hermann	Jeandel	hjeandelof@ucsd.edu	180.160.26.250
881	Currie	Wilbore	cwilboreog@taobao.com	195.194.25.140
882	Carry	Irnys	cirnysoh@eventbrite.com	105.238.104.61
883	Felix	Antonoyev	fantonoyevoi@tripod.com	55.188.246.65
884	Ricky	Hanbury-Brown	rhanburybrownoj@mlb.com	181.49.146.56
885	Gratiana	Ricco	griccook@sun.com	98.21.247.32
886	Manon	Pamplin	mpamplinol@furl.net	215.94.135.111
887	Oswell	Deverose	odeveroseom@mac.com	152.54.129.52
888	Trixie	Sillis	tsillison@stumbleupon.com	112.213.246.227
889	Sallyanne	Biles	sbilesoo@behance.net	198.26.122.135
890	Ros	Carvell	rcarvellop@bloglovin.com	161.140.79.207
891	Nerta	Brattell	nbrattelloq@tamu.edu	91.164.37.215
892	Duff	Cotherill	dcotherillor@histats.com	194.114.242.236
893	Tabbie	Gaisford	tgaisfordos@forbes.com	201.149.220.137
894	Hulda	Eronie	heronieot@reuters.com	121.250.180.247
895	Oliy	Iannello	oiannelloou@cargocollective.com	44.234.60.230
896	Beverley	Duligall	bduligallov@issuu.com	53.211.128.17
897	Doreen	Marshall	dmarshallow@studiopress.com	243.12.149.136
898	Dorelle	Justun	djustunox@mlb.com	165.120.171.84
899	Elsie	Haysom	ehaysomoy@auda.org.au	94.100.14.76
900	Barney	Cicchitello	bcicchitellooz@tinypic.com	114.163.3.53
901	Silvanus	Scholar	sscholarp0@abc.net.au	206.201.195.120
902	Iosep	Danford	idanfordp1@usnews.com	155.56.121.16
903	Cati	Newiss	cnewissp2@nytimes.com	143.110.79.28
904	Worth	Albion	walbionp3@opera.com	20.130.56.60
905	Marty	Bertelet	mberteletp4@goodreads.com	190.22.49.229
906	Yoko	Klulik	yklulikp5@dailymail.co.uk	64.163.222.4
907	Dulce	Colbourn	dcolbournp6@comcast.net	209.158.120.9
908	Deeyn	Tordoff	dtordoffp7@csmonitor.com	186.216.238.253
909	Jacques	Vasentsov	jvasentsovp8@businessweek.com	166.150.111.86
910	Krisha	Huffy	khuffyp9@samsung.com	202.229.44.144
911	Ignace	Lafont	ilafontpa@cdbaby.com	85.15.149.155
912	Auberon	Greenstreet	agreenstreetpb@scientificamerican.com	150.35.49.4
913	Casar	Cottill	ccottillpc@360.cn	90.109.54.4
914	Laurella	Wapples	lwapplespd@ucla.edu	196.199.183.237
915	Bee	Giddons	bgiddonspe@tiny.cc	197.143.144.231
916	Reinaldos	De Coursey	rdecourseypf@mozilla.org	63.74.182.23
917	Michael	Tickner	mticknerpg@friendfeed.com	39.90.7.75
918	Willem	Heape	wheapeph@accuweather.com	128.66.148.91
919	Terza	Gebbie	tgebbiepi@bloglovin.com	10.210.143.101
920	Christabella	Strauss	cstrausspj@elpais.com	156.236.65.188
921	Franklin	Elphick	felphickpk@intel.com	77.9.177.249
922	Robinson	Musla	rmuslapl@umich.edu	91.49.27.160
923	Boot	Wardhaugh	bwardhaughpm@simplemachines.org	209.13.199.16
924	Loni	Bartkowiak	lbartkowiakpn@deviantart.com	213.80.238.106
925	Bertine	Ruslinge	bruslingepo@squarespace.com	53.216.237.112
926	Ralf	Kulvear	rkulvearpp@arstechnica.com	84.81.213.121
927	Kathe	Charrington	kcharringtonpq@tamu.edu	238.225.245.218
928	Kimbell	Jeger	kjegerpr@wsj.com	161.74.103.139
929	Camella	Roloff	croloffps@slideshare.net	104.182.202.105
930	Sharona	Berringer	sberringerpt@linkedin.com	208.128.236.169
931	Tabbitha	De Dei	tdedeipu@cbsnews.com	111.196.183.101
932	Anabal	Leibold	aleiboldpv@spotify.com	241.6.178.126
933	Hyacinth	Morteo	hmorteopw@amazon.de	214.176.231.250
934	Oliy	McGonigle	omcgoniglepx@vkontakte.ru	82.55.245.109
935	Seumas	Kiltie	skiltiepy@arstechnica.com	249.205.145.94
936	Eilis	Yeardley	eyeardleypz@jigsy.com	217.125.47.189
937	Rad	Jeays	rjeaysq0@mozilla.com	3.89.116.13
938	Freddy	Alanbrooke	falanbrookeq1@csmonitor.com	41.81.231.119
939	Germain	Upston	gupstonq2@spiegel.de	73.10.174.101
940	Trumaine	Roby	trobyq3@umich.edu	202.165.110.109
941	Meredeth	Durbin	mdurbinq4@fda.gov	186.229.253.211
942	Ashlan	Mazella	amazellaq5@toplist.cz	23.97.132.148
943	Andy	La Croce	alacroceq6@vimeo.com	171.128.149.131
944	Hester	Parkin	hparkinq7@salon.com	193.71.9.102
945	Batholomew	Seide	bseideq8@hao123.com	158.145.4.155
946	Flossie	Coulter	fcoulterq9@google.co.uk	59.145.76.142
947	Odo	Lenin	oleninqa@webeden.co.uk	231.32.99.121
948	Koralle	Hatley	khatleyqb@example.com	14.94.78.223
949	Jennie	Courtes	jcourtesqc@nymag.com	219.211.87.31
950	Roz	Grishakov	rgrishakovqd@opera.com	120.146.243.81
951	Levin	O' Kelleher	lokelleherqe@youku.com	94.113.107.239
952	Quintilla	Ilyuchyov	qilyuchyovqf@tmall.com	206.179.214.22
953	Rosanne	Lammerich	rlammerichqg@yale.edu	208.11.185.126
954	Muffin	Danbury	mdanburyqh@samsung.com	11.199.114.251
955	Adelaida	Bruffell	abruffellqi@bloomberg.com	92.58.101.35
956	Rouvin	Fassan	rfassanqj@squidoo.com	135.103.60.115
957	Jeralee	Di Maria	jdimariaqk@vimeo.com	229.165.45.195
958	Maire	Curnock	mcurnockql@w3.org	7.123.111.41
959	Tonia	Eidler	teidlerqm@va.gov	82.59.152.177
960	Trina	Marlin	tmarlinqn@gov.uk	173.68.6.220
961	Noll	De Carolis	ndecarolisqo@nydailynews.com	109.197.143.182
962	Tiffanie	Blaszkiewicz	tblaszkiewiczqp@usda.gov	21.179.54.65
963	Corty	Stancer	cstancerqq@ow.ly	236.153.72.205
964	Doralynn	Hegg	dheggqr@ebay.com	4.126.12.47
965	Gawain	Hamshar	ghamsharqs@stanford.edu	170.199.139.56
966	Farand	Gregore	fgregoreqt@goo.gl	109.70.20.26
967	Ichabod	Daunter	idaunterqu@admin.ch	207.226.84.151
968	Birdie	Scherme	bschermeqv@pinterest.com	217.21.215.235
969	Meris	Nuemann	mnuemannqw@thetimes.co.uk	255.243.123.84
970	Krystal	Romero	kromeroqx@hubpages.com	125.22.88.39
971	Raven	Bauchop	rbauchopqy@skyrock.com	166.49.157.38
972	Darline	Ipsgrave	dipsgraveqz@behance.net	243.60.10.65
973	Hayes	Costelow	hcostelowr0@exblog.jp	27.68.228.219
974	Sib	Hulk	shulkr1@disqus.com	12.106.236.36
975	Kennie	Croux	kcrouxr2@microsoft.com	187.30.228.129
976	Blinny	Strutt	bstruttr3@zimbio.com	161.108.122.70
977	Claude	Tailby	ctailbyr4@usa.gov	84.173.210.195
978	Bridie	Biasioni	bbiasionir5@privacy.gov.au	186.242.49.235
979	Mar	Kordt	mkordtr6@indiatimes.com	16.162.109.218
980	Ezri	Mingaye	emingayer7@cmu.edu	111.0.107.175
981	Obadias	Euesden	oeuesdenr8@technorati.com	76.212.251.81
982	Luciana	Gatherer	lgathererr9@digg.com	197.130.225.40
983	Bennie	Sallter	bsallterra@dagondesign.com	83.220.144.89
984	Bobby	Sherratt	bsherrattrb@surveymonkey.com	81.253.31.122
985	Coleen	Tredget	ctredgetrc@quantcast.com	173.2.81.96
986	Myrtie	Buttfield	mbuttfieldrd@gnu.org	19.49.203.59
987	Marybeth	Trelease	mtreleasere@jiathis.com	175.10.14.81
988	Peirce	Johnsee	pjohnseerf@blogtalkradio.com	48.220.169.130
989	Quint	Adnam	qadnamrg@github.com	106.134.146.78
990	Nilson	Evitts	nevittsrh@latimes.com	193.172.166.13
991	Dorice	Bretland	dbretlandri@alibaba.com	40.175.23.223
992	Miran	Trathan	mtrathanrj@skype.com	29.198.253.126
993	Edy	Govinlock	egovinlockrk@google.com.br	36.106.23.197
994	Shanta	St Angel	sstangelrl@google.pl	37.153.187.37
995	Darrelle	Bartaloni	dbartalonirm@desdev.cn	218.120.33.173
996	Missie	Carriage	mcarriagern@ycombinator.com	96.230.61.88
997	Lorenzo	Schoales	lschoalesro@opensource.org	66.212.131.186
998	Leonora	Markwick	lmarkwickrp@webmd.com	163.210.204.192
999	Paddy	Birtley	pbirtleyrq@slate.com	26.53.165.197
1000	Alexis	Flockhart	aflockhartrr@godaddy.com	92.158.147.223